{
  "key": "ccvm-negro",
  "name": "CCVM Negro",
  "matchTokens": [
    [
      "negro"
    ],
    [
      "black"
    ]
  ],
  "mode": "holes",
  "source": "Hand-traced (satellite imagery)",
  "holes": [
    {
      "number": 1,
      "par": null,
      "green": [
        [
          40.453125,
          -3.749829
        ],
        [
          40.453148,
          -3.749938
        ],
        [
          40.453103,
          -3.750048
        ],
        [
          40.453052,
          -3.750041
        ],
        [
          40.453005,
          -3.74995
        ],
        [
          40.452987,
          -3.749814
        ],
        [
          40.453014,
          -3.749731
        ],
        [
          40.45307,
          -3.749728
        ]
      ],
      "greenCenter": [
        40.453063,
        -3.7498848750000002
      ],
      "pin": null,
      "tees": null,
      "start": null,
      "hazards": []
    },
    {
      "number": 2,
      "par": null,
      "green": [
        [
          40.456303,
          -3.753432
        ],
        [
          40.456272,
          -3.753584
        ],
        [
          40.456178,
          -3.753592
        ],
        [
          40.456098,
          -3.753484
        ],
        [
          40.456065,
          -3.753268
        ],
        [
          40.456111,
          -3.753211
        ],
        [
          40.456187,
          -3.75328
        ]
      ],
      "greenCenter": [
        40.45617342857143,
        -3.753407285714286
      ],
      "pin": null,
      "tees": null,
      "start": null,
      "hazards": []
    },
    {
      "number": 3,
      "par": null,
      "green": [
        [
          40.458199,
          -3.75247
        ],
        [
          40.458143,
          -3.752584
        ],
        [
          40.458084,
          -3.752584
        ],
        [
          40.457985,
          -3.752589
        ],
        [
          40.457983,
          -3.752487
        ],
        [
          40.458037,
          -3.752419
        ],
        [
          40.458112,
          -3.752411
        ],
        [
          40.458186,
          -3.752388
        ]
      ],
      "greenCenter": [
        40.458091125,
        -3.7524914999999996
      ],
      "pin": null,
      "tees": null,
      "start": null,
      "hazards": []
    },
    {
      "number": 4,
      "par": null,
      "green": [
        [
          40.455229,
          -3.756459
        ],
        [
          40.455143,
          -3.756527
        ],
        [
          40.455085,
          -3.756523
        ],
        [
          40.455055,
          -3.756459
        ],
        [
          40.455046,
          -3.756355
        ],
        [
          40.455131,
          -3.756299
        ],
        [
          40.45518,
          -3.756243
        ],
        [
          40.45525,
          -3.756271
        ]
      ],
      "greenCenter": [
        40.455139875,
        -3.756392
      ],
      "pin": null,
      "tees": null,
      "start": null,
      "hazards": []
    },
    {
      "number": 5,
      "par": null,
      "green": [
        [
          40.458447,
          -3.756812
        ],
        [
          40.458412,
          -3.756876
        ],
        [
          40.458314,
          -3.756886
        ],
        [
          40.458245,
          -3.75689
        ],
        [
          40.458214,
          -3.756815
        ],
        [
          40.458245,
          -3.756654
        ],
        [
          40.458363,
          -3.756647
        ],
        [
          40.458432,
          -3.75668
        ],
        [
          40.458453,
          -3.756697
        ]
      ],
      "greenCenter": [
        40.45834722222222,
        -3.756773
      ],
      "pin": null,
      "tees": null,
      "start": null,
      "hazards": []
    },
    {
      "number": 6,
      "par": null,
      "green": [
        [
          40.455133,
          -3.758348
        ],
        [
          40.455068,
          -3.758353
        ],
        [
          40.454966,
          -3.758301
        ],
        [
          40.454905,
          -3.758243
        ],
        [
          40.454915,
          -3.758177
        ],
        [
          40.454995,
          -3.758172
        ],
        [
          40.455097,
          -3.758139
        ],
        [
          40.455155,
          -3.758248
        ]
      ],
      "greenCenter": [
        40.455029249999995,
        -3.758247625
      ],
      "pin": null,
      "tees": null,
      "start": null,
      "hazards": []
    },
    {
      "number": 7,
      "par": null,
      "green": [
        [
          40.453794,
          -3.752134
        ],
        [
          40.453794,
          -3.752248
        ],
        [
          40.453736,
          -3.752301
        ],
        [
          40.453638,
          -3.752296
        ],
        [
          40.453587,
          -3.752201
        ],
        [
          40.453606,
          -3.752048
        ],
        [
          40.453642,
          -3.751986
        ],
        [
          40.453696,
          -3.751962
        ],
        [
          40.453729,
          -3.751972
        ]
      ],
      "greenCenter": [
        40.45369133333334,
        -3.7521275555555555
      ],
      "pin": null,
      "tees": null,
      "start": null,
      "hazards": []
    },
    {
      "number": 8,
      "par": null,
      "green": [
        [
          40.452716,
          -3.754984
        ],
        [
          40.4527,
          -3.755095
        ],
        [
          40.452657,
          -3.755129
        ],
        [
          40.452613,
          -3.755099
        ],
        [
          40.45258,
          -3.754923
        ],
        [
          40.452595,
          -3.754799
        ],
        [
          40.452664,
          -3.754775
        ],
        [
          40.452698,
          -3.754832
        ]
      ],
      "greenCenter": [
        40.452652875,
        -3.7549544999999998
      ],
      "pin": null,
      "tees": null,
      "start": null,
      "hazards": []
    },
    {
      "number": 9,
      "par": null,
      "green": [
        [
          40.451922,
          -3.755459
        ],
        [
          40.451848,
          -3.755555
        ],
        [
          40.451723,
          -3.755558
        ],
        [
          40.451682,
          -3.755473
        ],
        [
          40.451717,
          -3.75534
        ],
        [
          40.45184,
          -3.755272
        ],
        [
          40.45192,
          -3.755343
        ]
      ],
      "greenCenter": [
        40.45180742857143,
        -3.7554285714285713
      ],
      "pin": null,
      "tees": null,
      "start": null,
      "hazards": []
    },
    {
      "number": 10,
      "par": null,
      "green": [
        [
          40.44894,
          -3.760048
        ],
        [
          40.448944,
          -3.760115
        ],
        [
          40.448853,
          -3.760172
        ],
        [
          40.448821,
          -3.760153
        ],
        [
          40.448784,
          -3.760072
        ],
        [
          40.448748,
          -3.759939
        ],
        [
          40.448802,
          -3.759834
        ],
        [
          40.448879,
          -3.759834
        ],
        [
          40.448904,
          -3.759901
        ]
      ],
      "greenCenter": [
        40.44885277777778,
        -3.760007555555556
      ],
      "pin": null,
      "tees": null,
      "start": null,
      "hazards": []
    },
    {
      "number": 11,
      "par": null,