{
  "key": "ccvm-amarillo",
  "name": "CCVM Amarillo",
  "matchTokens": [
    [
      "amarillo"
    ],
    [
      "yellow"
    ],
    [
      "club de campo",
      "amarillo"
    ],
    [
      "ccvm",
      "amarillo"
    ],
    [
      "villa de madrid",
      "amarillo"
    ]
  ],
  "mode": "holes",
  "source": "Hand-traced (satellite imagery)",
  "holes": [
    {
      "number": 1,
      "par": 4,
      "green": [
        [
          40.449008,
          -3.751171
        ],
        [
          40.449019,
          -3.751281
        ],
        [
          40.448885,
          -3.751429
        ],
        [
          40.448842,
          -3.75119
        ],
        [
          40.448856,
          -3.751081
        ],
        [
          40.448929,
          -3.751038
        ],
        [
          40.448994,
          -3.751028
        ]
      ],
      "greenCenter": [
        40.44893328571428,
        -3.7511740000000002
      ],
      "pin": null,
      "tees": null,
      "start": [
        40.44827,
        -3.756212
      ],
      "hazards": []
    },
    {
      "number": 2,
      "par": 3,
      "green": [
        [
          40.449913,
          -3.749195
        ],
        [
          40.449818,
          -3.749347
        ],
        [
          40.449733,
          -3.749384
        ],
        [
          40.449746,
          -3.749202
        ],
        [
          40.449797,
          -3.74907
        ],
        [
          40.449841,
          -3.74903
        ],
        [
          40.449882,
          -3.749053
        ]
      ],
      "greenCenter": [
        40.449818571428565,
        -3.7491830000000004
      ],
      "pin": null,
      "tees": null,
      "start": [
        40.449357,
        -3.751224
      ],
      "hazards": []
    },
    {
      "number": 3,
      "par": 4,
      "green": [
        [
          40.445687,
          -3.748633
        ],
        [
          40.445614,
          -3.748628
        ],
        [
          40.445489,
          -3.748724
        ],
        [
          40.445428,
          -3.74869
        ],
        [
          40.445458,
          -3.748594
        ],
        [
          40.445506,
          -3.748486
        ],
        [
          40.445597,
          -3.748475
        ],
        [
          40.445678,
          -3.748514
        ]
      ],
      "greenCenter": [
        40.445557125,
        -3.748593
      ],
      "pin": null,
      "tees": null,
      "start": [
        40.449174,
        -3.748344
      ],
      "hazards": []
    },
    {
      "number": 4,
      "par": 5,
      "green": [
        [
          40.442424,
          -3.746174
        ],
        [
          40.442409,
          -3.746211
        ],
        [
          40.442376,
          -3.74622
        ],
        [
          40.44232,
          -3.746208
        ],
        [
          40.442276,
          -3.746199
        ],
        [
          40.442237,
          -3.746206
        ],
        [
          40.442186,
          -3.746214
        ],
        [
          40.442149,
          -3.746206
        ],
        [
          40.442109,
          -3.746181
        ],
        [
          40.442088,
          -3.746152
        ],
        [
          40.442078,
          -3.746118
        ],
        [
          40.442081,
          -3.746072
        ],
        [
          40.442093,
          -3.746039
        ],
        [
          40.442116,
          -3.746002
        ],
        [
          40.442141,
          -3.745989
        ],
        [
          40.442165,
          -3.745983
        ],
        [
          40.442188,
          -3.745987
        ],
        [
          40.442204,
          -3.746006
        ],
        [
          40.442237,
          -3.746041
        ],
        [
          40.442264,
          -3.746054
        ],
        [
          40.442306,
          -3.746068
        ],
        [
          40.442326,
          -3.746082
        ],
        [
          40.442353,
          -3.74609
        ],
        [
          40.442383,
          -3.746096
        ],
        [
          40.442404,
          -3.746112
        ],
        [
          40.442424,
          -3.746145
        ]
      ],
      "greenCenter": [
        40.44224373076923,
        -3.7461098076923083
      ],
      "pin": null,
      "tees": null,
      "start": [
        40.445947,
        -3.747892
      ],
      "hazards": []
    },
    {
      "number": 5,
      "par": 4,
      "green": [
        [
          40.444156,
          -3.74905
        ],
        [
          40.444077,
          -3.749187
        ],
        [
          40.443973,
          -3.749134
        ],
        [
          40.443927,
          -3.749098
        ],
        [
          40.443933,
          -3.74903
        ],
        [
          40.443942,
          -3.748954
        ],
        [
          40.443997,
          -3.748926
        ],
        [
          40.444043,
          -3.748918
        ],
        [
          40.444104,
          -3.748882
        ],
        [
          40.444162,
          -3.748886
        ]
      ],
      "greenCenter": [
        40.4440314,
        -3.7490064999999992
      ],
      "pin": null,
      "tees": null,
      "start": [
        40.441829,
        -3.746189
      ],
      "hazards": []
    },
    {
      "number": 6,
      "par": 3,
      "green": [
        [
          40.444733,
          -3.749164
        ],
        [
          40.444766,
          -3.749091
        ],
        [
          40.444826,
          -3.749087
        ],
        [
          40.444872,
          -3.749124
        ],
        [
          40.444872,
          -3.749181
        ],
        [
          40.444875,
          -3.749237
        ],
        [
          40.444844,
          -3.749297
        ],
        [
          40.444814,
          -3.749337
        ],
        [
          40.444758,
          -3.749351
        ],
        [
          40.44474,
          -3.749394
        ],
        [
          40.444697,
          -3.749364
        ],
        [
          40.444687,
          -3.749294
        ],
        [
          40.444712,
          -3.749227
        ]
      ],
      "greenCenter": [
        40.444784307692316,
        -3.749242153846153
      ],
      "pin": null,
      "tees": null,
      "start": [
        40.443833,
        -3.747966
      ],
      "hazards": []
    },
    {
      "number": 7,
      "par": 4,
      "green": [
        [
          40.446569,
          -3.752405
        ],
        [
          40.446536,
          -3.752459
        ],
        [
          40.44651,
          -3.752553
        ],
        [
          40.446451,
          -3.752547
        ],
        [
          40.446397,
          -3.752455
        ],
        [
          40.446313,
          -3.752381
        ],
        [
          40.446308,
          -3.752287
        ],
        [
          40.446379,
          -3.75229
        ],
        [
          40.446467,
          -3.75228
        ],
        [
          40.446539,
          -3.75227
        ],
        [
          40.446574,
          -3.752304
        ]
      ],
      "greenCenter": [
        40.44645845454546,
        -3.7523846363636366
      ],
      "pin": null,
      "tees": null,
      "start": [
        40.444562,
        -3.749982
      ],
      "hazards": []
    },
    {
      "number": 8,
      "par": 4,